% python3 star_schema_for_product_sales_with_ETL_mysql.py db_config_source.json db_config_target.json
source_db_config= {'user': 'root', 'password': 'password', 'host': 'localhost', 'database': 'sales_db'}
target_db_config= {'user': 'root', 'password': 'password', 'host': 'localhost', 'database': 'star_schema_db'}
/Users/mparsian/max/github/data-warehousing/syllabus/week-01-course-outline-and-intro-to-DW/ETL_Complete_Example/star_schema_for_product_sales_with_ETL_mysql.py:125: UserWarning: pandas only supports SQLAlchemy connectable (engine/connection) or database string URI or sqlite3 DBAPI2 connection. Other DBAPI2 objects are not tested. Please consider using SQLAlchemy.
  sales_df = pd.read_sql('SELECT * FROM sales_transactions', source_conn)
sales_df.count()= sale_id         100000
product_id      100000
customer_id     100000
location_id     100000
sale_date       100000
quantity        100000
total_amount    100000
dtype: int64
sales_df=        sale_id  product_id  customer_id  location_id   sale_date  quantity  total_amount
0            1         985           27         1005  2023-01-22         1           190
1            2         400           10         1000  2023-05-29         1           700
2            3         980           15         1003  2023-02-10         1            12
3            4         300           10         1009  2023-04-19         3           840
4            5         300           12         1002  2023-12-26         1           280
...        ...         ...          ...          ...         ...       ...           ...
99995    99996         950           23         1013  2024-02-22         1            40
99996    99997         950           12         1009  2024-08-18         1            40
99997    99998         965           25         1012  2023-02-10         2          1540
99998    99999         900           12         1006  2023-07-07         1            50
99999   100000         987           20         1002  2024-06-01         1            30

[100000 rows x 7 columns]
/Users/mparsian/max/github/data-warehousing/syllabus/week-01-course-outline-and-intro-to-DW/ETL_Complete_Example/star_schema_for_product_sales_with_ETL_mysql.py:129: UserWarning: pandas only supports SQLAlchemy connectable (engine/connection) or database string URI or sqlite3 DBAPI2 connection. Other DBAPI2 objects are not tested. Please consider using SQLAlchemy.
  products_df = pd.read_sql('SELECT * FROM products', source_conn)
products_df.count()= product_id      21
product_name    21
category        21
price           21
dtype: int64
products_df=     product_id product_name     category  price
0          100       Laptop  Electronics    900
1          200   Smartphone  Electronics    450
2          300       Tablet  Electronics    280
3          400         Ipad  Electronics    700
4          500        Modem  Electronics    200
5          600           TV  Electronics    820
6          650      Charger  Electronics     55
7          700       Ladder         Home    120
8          800       Cooler         Home    300
9          900       Cooker         Home     50
10         950        Chair         Home     40
11         960        Table         Home    170
12         965         Sofa         Home    770
13         967          Bed         Home    970
14         970      T-Shirt     Clothing     18
15         975       Jacket     Clothing     68
16         980        Socks     Clothing     12
17         985         Coat     Clothing    190
18         986        Short     Clothing     35
19         987          Hat     Clothing     30
20         988        Pants     Clothing     55
/Users/mparsian/max/github/data-warehousing/syllabus/week-01-course-outline-and-intro-to-DW/ETL_Complete_Example/star_schema_for_product_sales_with_ETL_mysql.py:133: UserWarning: pandas only supports SQLAlchemy connectable (engine/connection) or database string URI or sqlite3 DBAPI2 connection. Other DBAPI2 objects are not tested. Please consider using SQLAlchemy.
  customers_df = pd.read_sql('SELECT * FROM customers', source_conn)
customers_df.count()= customer_id      20
customer_name    20
age              20
gender           20
dtype: int64
customers_df=     customer_id customer_name  age  gender
0            10         Alice   17  Female
1            11           Bob   18    Male
2            12       Charlie   19    Male
3            13          Jane   30  Female
4            14          Dave   45    Male
5            15           Max   36    Male
6            16          Mary   32  Female
7            17          Rafa   38    Male
8            18          Mark   42    Male
9            19           Jen   40  Female
10           20         Betty   48  Female
11           21          Barb   58  Female
12           22         Farid   38    Male
13           23         Farah   68  Female
14           24            Bo   60    Male
15           25          Coco   28  Female
16           26        Farzad   25    Male
17           27       Bedford   70    Male
18           28      Jennifer   33  Female
19           29       Martina   37  Female
/Users/mparsian/max/github/data-warehousing/syllabus/week-01-course-outline-and-intro-to-DW/ETL_Complete_Example/star_schema_for_product_sales_with_ETL_mysql.py:137: UserWarning: pandas only supports SQLAlchemy connectable (engine/connection) or database string URI or sqlite3 DBAPI2 connection. Other DBAPI2 objects are not tested. Please consider using SQLAlchemy.
  locations_df = pd.read_sql('SELECT * FROM locations', source_conn)
locations_df.count()= location_id    14
city           14
state          14
country        14
dtype: int64
locations_df=     location_id           city    state country
0          1000       New York       NY     USA
1          1001  San Francisco       CA     USA
2          1002     New Jersey       NJ     USA
3          1003      Cupertino       CA     USA
4          1004      Sunnyvale       CA     USA
5          1005        Chicago       IL     USA
6          1006           Troy       MI     USA
7          1007        Detroit       MI     USA
8          1008        Toronto  Ontario  CANADA
9          1009       Montreal   Quebec  CANADA
10         1010        Calgary  Alberta  CANADA
11         1011          Paris   France  FRANCE
12         1012           Lyon   France  FRANCE
13         1013         Colmar   France  FRANCE


-- -----------------------------------
-- check source and target databases:
-- -----------------------------------


mysql> show databases;
+--------------------+
| Database           |
+--------------------+
| homeworks          |
| information_schema |
| mysql              |
| performance_schema |
| sales_db           |
| star_schema_db     |
| superstore_db      |
| sys                |
| tiny_shop          |
+--------------------+
9 rows in set (0.00 sec)

mysql> use sales_db;
Database changed
mysql> show tables;
+--------------------+
| Tables_in_sales_db |
+--------------------+
| customers          |
| locations          |
| products           |
| sales_transactions |
+--------------------+
4 rows in set (0.00 sec)

mysql> use star_schema_db;
Database changed
mysql> show tables;
+--------------------------+
| Tables_in_star_schema_db |
+--------------------------+
| customers_dim            |
| dates_dim                |
| locations_dim            |
| products_dim             |
| sales_fact               |
+--------------------------+
5 rows in set (0.00 sec)

mysql>
