class_lectures (main) % mysql -h localhost -u root -p
Enter password:
Welcome to the MySQL monitor.  Commands end with ; or \g.
Your MySQL connection id is 22
Server version: 8.1.0 MySQL Community Server - GPL

Copyright (c) 2000, 2024, Oracle and/or its affiliates.

Oracle is a registered trademark of Oracle Corporation and/or its
affiliates. Other names may be trademarks of their respective
owners.

Type 'help;' or '\h' for help. Type '\c' to clear the current input statement.

mysql> use student_db;
Database changed

mysql> show tables;
Empty set (0.00 sec)

mysql> create table students (
    ->   sid    INT,
    ->   name   VARCHAR(15),
    ->   login  VARCHAR(25),
    ->   age    INT,
    ->   gpa    DOUBLE,
    ->
    ->   PRIMARY KEY (sid)
    -> );
Query OK, 0 rows affected (0.21 sec)

mysql> desc students;
+-------+-------------+------+-----+---------+-------+
| Field | Type        | Null | Key | Default | Extra |
+-------+-------------+------+-----+---------+-------+
| sid   | int         | NO   | PRI | NULL    |       |
| name  | varchar(15) | YES  |     | NULL    |       |
| login | varchar(25) | YES  |     | NULL    |       |
| age   | int         | YES  |     | NULL    |       |
| gpa   | double      | YES  |     | NULL    |       |
+-------+-------------+------+-----+---------+-------+
5 rows in set (0.02 sec)



mysql> insert into students (sid, name, login, age, gpa) values
    -> (50000, 'Dave', 'dave@cs.org', 19, 3.3),
    -> (53666, 'Jones', 'jones@cs.com', 18, 3.4),
    -> (53688, 'Smith', 'smith@ee.org', 18, 3.2),
    -> (53650, 'Smith', 'smith@math.com', 19, 3.8),
    -> (53831, 'Madayan', 'madayan@music.com', 11, 1.8),
    -> (53832, 'Guldu', 'guldu@music', 12, 2.0),
    -> (54000, 'Taylor', 'taylor@cnn.com', 28, 2.2),
    -> (55000, 'Macain', 'mac@cbs.com', 29, 3.8),
    -> (56000, 'Rafaei', 'rafa@tennis.com', 37, 4.0),
    -> (57000, 'Newton', 'new@news.com', 12, 2.0);
Query OK, 10 rows affected (0.01 sec)
Records: 10  Duplicates: 0  Warnings: 0

mysql> select * from students;
+-------+---------+-------------------+------+------+
| sid   | name    | login             | age  | gpa  |
+-------+---------+-------------------+------+------+
| 50000 | Dave    | dave@cs.org       |   19 |  3.3 |
| 53650 | Smith   | smith@math.com    |   19 |  3.8 |
| 53666 | Jones   | jones@cs.com      |   18 |  3.4 |
| 53688 | Smith   | smith@ee.org      |   18 |  3.2 |
| 53831 | Madayan | madayan@music.com |   11 |  1.8 |
| 53832 | Guldu   | guldu@music       |   12 |    2 |
| 54000 | Taylor  | taylor@cnn.com    |   28 |  2.2 |
| 55000 | Macain  | mac@cbs.com       |   29 |  3.8 |
| 56000 | Rafaei  | rafa@tennis.com   |   37 |    4 |
| 57000 | Newton  | new@news.com      |   12 |    2 |
+-------+---------+-------------------+------+------+
10 rows in set (0.00 sec)

mysql> create table courses (
    ->   cid VARCHAR(25),
    ->   instructor VARCHAR(25),
    ->   quarter VARCHAR(15),
    ->   dept VARCHAR(15),
    ->
    ->   PRIMARY KEY (cid)
    -> );
Query OK, 0 rows affected (0.04 sec)

mysql> desc courses;
+------------+-------------+------+-----+---------+-------+
| Field      | Type        | Null | Key | Default | Extra |
+------------+-------------+------+-----+---------+-------+
| cid        | varchar(25) | NO   | PRI | NULL    |       |
| instructor | varchar(25) | YES  |     | NULL    |       |
| quarter    | varchar(15) | YES  |     | NULL    |       |
| dept       | varchar(15) | YES  |     | NULL    |       |
+------------+-------------+------+-----+---------+-------+
4 rows in set (0.00 sec)

mysql> insert into courses(cid, instructor, quarter, dept) values
    -> ('Carnatic101', 'Jane', 'Fall 06', 'Music'),
    -> ('Reggae203', 'Bob', 'Summer 06', 'Music'),
    -> ('Topology101', 'Mary', 'Spring 06', 'Math'),
    -> ('History105', 'Alice', 'Fall 06', 'History'),
    -> ('BigData24', 'Rafael', 'Spring 06', 'CS'),
    -> ('Java12', 'Rafael', 'Spring 06', 'CS');
Query OK, 6 rows affected (0.01 sec)
Records: 6  Duplicates: 0  Warnings: 0

mysql> select * from courses;
+-------------+------------+-----------+---------+
| cid         | instructor | quarter   | dept    |
+-------------+------------+-----------+---------+
| BigData24   | Rafael     | Spring 06 | CS      |
| Carnatic101 | Jane       | Fall 06   | Music   |
| History105  | Alice      | Fall 06   | History |
| Java12      | Rafael     | Spring 06 | CS      |
| Reggae203   | Bob        | Summer 06 | Music   |
| Topology101 | Mary       | Spring 06 | Math    |
+-------------+------------+-----------+---------+
6 rows in set (0.00 sec)


mysql> create table enrolled (
    ->   cid VARCHAR(25),
    ->   grade VARCHAR(2),
    ->   studid INT,
    ->
    ->   FOREIGN KEY (cid) REFERENCES courses(cid),
    ->   FOREIGN KEY (studid) REFERENCES students(sid)
    -> );
Query OK, 0 rows affected (0.05 sec)

mysql> desc enrolled;
+--------+-------------+------+-----+---------+-------+
| Field  | Type        | Null | Key | Default | Extra |
+--------+-------------+------+-----+---------+-------+
| cid    | varchar(25) | YES  | MUL | NULL    |       |
| grade  | varchar(2)  | YES  |     | NULL    |       |
| studid | int         | YES  | MUL | NULL    |       |
+--------+-------------+------+-----+---------+-------+
3 rows in set (0.00 sec)

mysql> insert into  enrolled(cid, grade, studid) values
    -> ('Carnatic101', 'C', 53831),
    -> ('Reggae203', 'B', 53832),
    -> ('Topology101', 'A', 53650),
    -> ('History105', 'B', 53666),
    -> ('BigData24', 'B', 54000),
    -> ('Java12', 'A', 54000),
    -> ('BigData24', 'C', 57000),
    -> ('Java12', 'C', 57000),
    -> ('Carnatic101', 'A', 56000),
    -> ('Reggae203', 'B', 56000);
Query OK, 10 rows affected (0.00 sec)
Records: 10  Duplicates: 0  Warnings: 0

mysql> select * from enrolled;
+-------------+-------+--------+
| cid         | grade | studid |
+-------------+-------+--------+
| Carnatic101 | C     |  53831 |
| Reggae203   | B     |  53832 |
| Topology101 | A     |  53650 |
| History105  | B     |  53666 |
| BigData24   | B     |  54000 |
| Java12      | A     |  54000 |
| BigData24   | C     |  57000 |
| Java12      | C     |  57000 |
| Carnatic101 | A     |  56000 |
| Reggae203   | B     |  56000 |
+-------------+-------+--------+
10 rows in set (0.00 sec)


mysql>     -- join:
    -> -- S is an alias for students table
    -> -- E is an alias for enrolled table
    -> select S.sid, S.name, S.gpa, E.cid, E.grade, E.studid
    ->    from students S,
    ->         enrolled E
    ->     where S.sid = E.studid;
+-------+---------+------+-------------+-------+--------+
| sid   | name    | gpa  | cid         | grade | studid |
+-------+---------+------+-------------+-------+--------+
| 53650 | Smith   |  3.8 | Topology101 | A     |  53650 |
| 53666 | Jones   |  3.4 | History105  | B     |  53666 |
| 53831 | Madayan |  1.8 | Carnatic101 | C     |  53831 |
| 53832 | Guldu   |    2 | Reggae203   | B     |  53832 |
| 54000 | Taylor  |  2.2 | BigData24   | B     |  54000 |
| 54000 | Taylor  |  2.2 | Java12      | A     |  54000 |
| 56000 | Rafaei  |    4 | Carnatic101 | A     |  56000 |
| 56000 | Rafaei  |    4 | Reggae203   | B     |  56000 |
| 57000 | Newton  |    2 | BigData24   | C     |  57000 |
| 57000 | Newton  |    2 | Java12      | C     |  57000 |
+-------+---------+------+-------------+-------+--------+
10 rows in set (0.00 sec)

mysql>